metric,Reward (PiTree),Reward (Pensieve)
Qlin,1.6070921985815598,1
Qlog,0.17203947277687917,1
QHD,1.617283950617284,1
